Date,Name,Start,End,Duration,Latitude,Longitude,Category,Link
30/06/17,"Place in Christianshavn, København",2017-06-30T00:00:00+02:00,2017-06-30T10:02:49+02:00,36169,55.67439,12.59182,,
30/06/17,"Place in Christianshavn, København",2017-06-30T10:09:56+02:00,2017-06-30T10:16:39+02:00,403,55.677141,12.596162,,
30/06/17,"Place in Christianshavn, København",2017-06-30T10:23:56+02:00,2017-06-30T18:04:27+02:00,27631,55.67439,12.59182,,
30/06/17,"Place in Nørrebro, København",2017-06-30T18:29:26+02:00,2017-06-30T23:28:53+02:00,17967,55.693178,12.512414,,
