Date,Name,Start,End,Duration,Latitude,Longitude,Category,Link
25/06/17,"Place in Indre By, København",2017-06-25T00:38:13+02:00,2017-06-25T00:41:47+02:00,214,55.681484,12.585187,,
25/06/17,"Place in Christianshavn, København",2017-06-25T01:03:54+02:00,2017-06-25T20:12:11+02:00,68897,55.67439,12.59182,,
25/06/17,"Place in Islands Brygge, København",2017-06-25T20:20:16+02:00,2017-06-25T20:51:35+02:00,1879,55.666792,12.581635,,
25/06/17,"Place in Islands Brygge, København",2017-06-25T20:56:24+02:00,2017-06-26T00:00:00+02:00,11016,55.666792,12.581635,,
