Date,Name,Start,End,Duration,Latitude,Longitude,Category,Link
27/08/17,"Place in Christianshavn, København",2017-08-27T14:54:46+02:00,2017-08-27T17:40:06+02:00,9920,55.67439,12.59182,,
27/08/17,"Place in Indre By, København",2017-08-27T17:44:50+02:00,2017-08-27T19:39:07+02:00,6857,55.681058,12.595477,,
27/08/17,"Place in Østerbro, København",2017-08-27T19:57:52+02:00,2017-08-27T22:17:11+02:00,8359,55.707142,12.59614,,
27/08/17,"Place in Christianshavn, København",2017-08-27T22:35:44+02:00,2017-08-28T00:00:00+02:00,5056,55.67439,12.59182,,
