Date,Name,Start,End,Duration,Latitude,Longitude,Category,Link
06/05/17,"Place in Christianshavn, København",2017-05-06T00:00:00+02:00,2017-05-06T10:33:18+02:00,37998,55.67439,12.59182,,
06/05/17,"Place in Indre By, København",2017-05-06T10:39:17+02:00,2017-05-06T18:11:47+02:00,27150,55.674089,12.582005,,
06/05/17,"Place in Christianshavn, København",2017-05-06T18:17:24+02:00,2017-05-06T18:36:28+02:00,1144,55.67657,12.594527,,
06/05/17,"Place in Christianshavn, København",2017-05-06T18:38:20+02:00,2017-05-07T00:00:00+02:00,19300,55.67439,12.59182,,
