Date,Activity,Group,Duration,Distance,Steps,Calories
21/03/17,walking,walking,329,0.263,527,17
21/03/17,cycling,cycling,1263,4.377,0,126
21/03/17,transport,transport,1740,14.627,0,0
22/03/17,walking,walking,1725,2.035,2814,128
22/03/17,transport,transport,4590,32.249,0,0
23/03/17,walking,walking,1476,1.537,2584,97
23/03/17,cycling,cycling,2727,7.744,0,229
24/03/17,walking,walking,1861,1.633,2892,103
24/03/17,cycling,cycling,1020,3.937,0,112
24/03/17,transport,transport,2731,15.763,0,0
25/03/17,walking,walking,944,1.049,1584,66
25/03/17,transport,transport,7010,47.376,0,0
25/03/17,cycling,cycling,468,1.885,0,54
26/03/17,walking,walking,3057,3.419,4446,215
26/03/17,cycling,cycling,1460,6.744,0,189
26/03/17,running,running,2654,6.804,6034,522
26/03/17,transport,transport,4386,31.163,0,0
27/03/17,walking,walking,3362,3.461,5400,218
27/03/17,cycling,cycling,1217,3.916,0,114
27/03/17,running,running,2688,6.708,6336,515
28/03/17,walking,walking,2536,2.960,3987,186
28/03/17,transport,transport,6288,36.604,0,0
28/03/17,cycling,cycling,673,2.197,0,64
29/03/17,walking,walking,1629,1.905,2535,120
29/03/17,cycling,cycling,1423,3.924,0,116
29/03/17,transport,transport,4472,30.494,0,0
30/03/17,walking,walking,2894,3.100,4774,195
30/03/17,cycling,cycling,629,2.105,0,61
30/03/17,running,running,435,0.797,800,63
30/03/17,transport,transport,19494,394.651,0,0
31/03/17,walking,walking,687,0.512,870,32
01/04/17,walking,walking,3412,3.590,5430,226
01/04/17,running,running,2552,5.630,6002,437
02/04/17,walking,walking,2291,2.759,3968,174
02/04/17,transport,transport,16677,389.158,0,0
03/04/17,walking,walking,2795,2.498,4208,157
03/04/17,cycling,cycling,1433,4.054,0,120
03/04/17,running,running,2735,7.201,6200,551
04/04/17,walking,walking,570,0.463,928,29
04/04/17,cycling,cycling,3299,10.462,0,305
05/04/17,walking,walking,2090,2.593,3250,163
05/04/17,cycling,cycling,238,0.212,0,8
05/04/17,transport,transport,4267,31.464,0,0
06/04/17,cycling,cycling,409,1.926,0,54
06/04/17,walking,walking,1229,1.026,1766,65
06/04/17,transport,transport,827,2.478,0,0
06/04/17,running,running,3276,7.650,8087,591
07/04/17,cycling,cycling,1144,4.027,0,116
07/04/17,walking,walking,1573,1.581,2375,100
07/04/17,transport,transport,1248,1.574,0,0
07/04/17,running,running,2798,7.128,7112,547
08/04/17,transport,transport,1801,6.241,0,0
08/04/17,walking,walking,948,0.950,1436,60
08/04/17,cycling,cycling,772,3.160,0,90
09/04/17,walking,walking,1356,1.253,1967,79
09/04/17,cycling,cycling,3165,10.187,0,296
09/04/17,transport,transport,507,1.458,0,0
10/04/17,walking,walking,3907,4.395,6400,277
10/04/17,cycling,cycling,1034,3.760,0,108
11/04/17,cycling,cycling,1160,3.895,0,113
11/04/17,walking,walking,3856,4.683,6824,295
11/04/17,running,running,3167,8.015,7549,615
11/04/17,transport,transport,2408,11.686,0,0
12/04/17,walking,walking,4660,5.090,8205,321
12/04/17,cycling,cycling,626,2.265,0,65
12/04/17,transport,transport,576,1.759,0,0
13/04/17,walking,walking,373,0.384,561,24
13/04/17,cycling,cycling,1130,4.445,0,127
13/04/17,transport,transport,2759,6.212,0,0
14/04/17,walking,walking,2515,2.650,4157,167
14/04/17,cycling,cycling,2379,9.623,0,273
15/04/17,walking,walking,10383,11.649,16822,734
15/04/17,transport,transport,17037,2558.342,0,0
16/04/17,walking,walking,9056,11.369,15062,716
17/04/17,walking,walking,4138,5.796,7281,365
18/04/17,walking,walking,5714,6.021,9084,379
18/04/17,transport,transport,830,1.397,0,0
19/04/17,walking,walking,5217,6.660,8729,419
19/04/17,transport,transport,6015,104.219,0,0
20/04/17,walking,walking,8734,9.327,13734,587
21/04/17,walking,walking,4820,4.929,7851,310
21/04/17,transport,transport,16850,2538.864,0,0
21/04/17,cycling,cycling,533,2.564,0,72
22/04/17,walking,walking,3158,3.102,5053,195
22/04/17,transport,transport,19282,2558.035,0,0
23/04/17,walking,walking,1816,1.771,2298,112
23/04/17,transport,transport,12874,277.922,0,0
24/04/17,walking,walking,477,0.333,651,21
24/04/17,transport,transport,5976,38.296,0,0
25/04/17,walking,walking,1445,1.134,1902,71
25/04/17,transport,transport,7204,53.759,0,0
26/04/17,transport,transport,23937,337.995,0,0
26/04/17,walking,walking,5722,5.828,8700,367
27/04/17,walking,walking,4690,5.239,7407,330
27/04/17,transport,transport,4193,27.960,0,0
28/04/17,walking,walking,279,0.196,385,12
28/04/17,transport,transport,4386,48.317,0,0
28/04/17,running,running,386,0.747,998,59
29/04/17,walking,walking,2180,2.365,3418,149
29/04/17,transport,transport,11622,139.259,0,0
29/04/17,cycling,cycling,269,0.807,0,24
30/04/17,walking,walking,3645,3.622,5806,228
30/04/17,transport,transport,12503,108.160,0,0
01/05/17,walking,walking,1272,1.238,1909,78
01/05/17,transport,transport,2656,32.321,0,0
01/05/17,cycling,cycling,3486,23.290,0,638
02/05/17,walking,walking,2559,2.590,3939,163
02/05/17,transport,transport,6950,54.836,0,0
03/05/17,walking,walking,1807,1.825,2610,115
03/05/17,transport,transport,5354,47.559,0,0
04/05/17,walking,walking,3526,3.296,5239,208
04/05/17,transport,transport,17556,2605.823,0,0
05/05/17,walking,walking,2502,2.808,3977,177
05/05/17,cycling,cycling,5806,32.396,0,897
06/05/17,walking,walking,263,0.180,352,11
06/05/17,cycling,cycling,358,1.035,0,30
06/05/17,transport,transport,336,0.943,0,0
07/05/17,walking,walking,2217,2.646,3805,167
07/05/17,cycling,cycling,5652,32.471,0,898
07/05/17,transport,transport,2123,15.850,0,0
08/05/17,walking,walking,1481,1.756,2507,111
08/05/17,cycling,cycling,1168,3.834,0,111
09/05/17,walking,walking,2160,2.294,3162,144
09/05/17,cycling,cycling,4173,25.610,0,705
10/05/17,cycling,cycling,7123,40.882,0,1140
10/05/17,walking,walking,4606,5.381,7409,339
10/05/17,transport,transport,4289,22.247,0,0
11/05/17,walking,walking,2668,2.589,3876,163
11/05/17,transport,transport,2670,9.184,0,0
12/05/17,walking,walking,1654,1.351,2442,85
12/05/17,cycling,cycling,8024,40.423,0,1128
13/05/17,walking,walking,2218,2.251,3041,142
13/05/17,cycling,cycling,1389,4.016,0,118
13/05/17,transport,transport,2414,5.611,0,0
14/05/17,cycling,cycling,6511,32.886,0,917
14/05/17,walking,walking,320,0.241,483,15
15/05/17,cycling,cycling,711,2.572,0,74
15/05/17,walking,walking,1027,0.989,1499,62
16/05/17,cycling,cycling,5506,32.511,0,897
16/05/17,walking,walking,897,0.918,1358,58
16/05/17,transport,transport,179,0.535,0,0
17/05/17,cycling,cycling,5896,33.343,0,923
17/05/17,walking,walking,740,0.638,1154,40
18/05/17,walking,walking,3040,3.355,4622,211
18/05/17,cycling,cycling,2275,12.772,0,354
18/05/17,transport,transport,1275,8.555,0,0
19/05/17,cycling,cycling,14045,85.235,0,2348
19/05/17,walking,walking,4201,5.199,6393,327
19/05/17,transport,transport,177,0.531,0,0
20/05/17,walking,walking,3918,4.567,5654,288
21/05/17,walking,walking,1046,1.061,1406,67
21/05/17,transport,transport,2006,6.045,0,0
21/05/17,cycling,cycling,6315,32.756,0,912
22/05/17,walking,walking,1772,1.992,2776,125
22/05/17,cycling,cycling,1056,3.472,0,101
23/05/17,walking,walking,3347,3.360,5334,212
23/05/17,cycling,cycling,4222,17.802,0,504
23/05/17,transport,transport,438,1.788,0,0
23/05/17,running,running,84,0.089,127,7
24/05/17,cycling,cycling,2131,7.001,0,203
24/05/17,walking,walking,1687,1.834,2753,116
24/05/17,transport,transport,2108,7.853,0,0
25/05/17,walking,walking,1830,1.716,2581,108
25/05/17,cycling,cycling,472,1.675,0,48
25/05/17,transport,transport,2198,5.944,0,0
26/05/17,cycling,cycling,1154,3.999,0,115
26/05/17,walking,walking,2668,2.794,4293,176
26/05/17,transport,transport,592,1.692,0,0
27/05/17,walking,walking,10213,11.935,15455,752
27/05/17,cycling,cycling,1175,2.836,0,86
28/05/17,walking,walking,2478,2.629,3939,166
28/05/17,cycling,cycling,1096,3.984,0,114
29/05/17,walking,walking,1841,2.006,2954,126
29/05/17,cycling,cycling,880,3.360,0,96
30/05/17,walking,walking,1917,2.185,3039,138
30/05/17,cycling,cycling,763,2.768,0,79
30/05/17,transport,transport,401,0.841,0,0
31/05/17,walking,walking,4634,4.546,6722,286
31/05/17,cycling,cycling,433,1.720,0,49
31/05/17,transport,transport,2656,7.476,0,0
01/06/17,walking,walking,11440,11.938,18198,752
01/06/17,transport,transport,2978,15.860,0,0
02/06/17,walking,walking,17841,18.450,26164,1162
02/06/17,transport,transport,959,4.066,0,0
03/06/17,walking,walking,11380,11.261,17307,709
03/06/17,transport,transport,2977,4.904,0,0
04/06/17,walking,walking,12945,13.013,18956,820
04/06/17,transport,transport,3224,9.012,0,0
05/06/17,walking,walking,6564,6.952,10055,438
05/06/17,transport,transport,3856,18.565,0,0
05/06/17,cycling,cycling,1768,5.187,0,152
06/06/17,walking,walking,1544,1.703,2377,107
06/06/17,cycling,cycling,555,2.037,0,58
06/06/17,transport,transport,947,1.090,0,0
07/06/17,transport,transport,1540,4.074,0,0
07/06/17,walking,walking,954,1.036,1502,65
08/06/17,walking,walking,1724,1.591,2808,100
08/06/17,cycling,cycling,907,4.405,0,123
08/06/17,transport,transport,1526,4.252,0,0
09/06/17,walking,walking,2303,2.483,3506,156
09/06/17,cycling,cycling,603,1.908,0,56
09/06/17,transport,transport,5489,13.995,0,0
10/06/17,walking,walking,2953,3.107,4329,196
10/06/17,transport,transport,3617,9.243,0,0
10/06/17,cycling,cycling,6135,22.003,0,633
11/06/17,walking,walking,2553,3.024,4393,190
11/06/17,cycling,cycling,20331,135.929,0,3723
11/06/17,transport,transport,3108,32.465,0,0
12/06/17,walking,walking,2019,2.148,3205,135
12/06/17,cycling,cycling,1114,4.250,0,121
12/06/17,transport,transport,523,1.737,0,0
13/06/17,walking,walking,3873,4.346,6117,274
13/06/17,cycling,cycling,459,1.940,0,55
13/06/17,transport,transport,3263,16.349,0,0
14/06/17,cycling,cycling,1182,4.158,0,120
14/06/17,walking,walking,2802,2.360,3911,149
14/06/17,transport,transport,17454,2536.338,0,0
15/06/17,walking,walking,2117,2.025,3217,128
15/06/17,transport,transport,7362,76.632,0,0
16/06/17,walking,walking,1587,1.401,2337,88
16/06/17,transport,transport,10789,86.161,0,0
17/06/17,walking,walking,3594,3.610,5495,227
17/06/17,transport,transport,19479,156.380,0,0
18/06/17,walking,walking,2132,2.039,3048,128
18/06/17,transport,transport,19016,2569.615,0,0
19/06/17,walking,walking,3521,3.647,5341,230
19/06/17,cycling,cycling,1602,5.839,0,168
19/06/17,transport,transport,878,1.886,0,0
20/06/17,cycling,cycling,913,3.076,0,89
20/06/17,walking,walking,2016,1.743,3125,110
20/06/17,transport,transport,434,0.591,0,0
21/06/17,walking,walking,2399,2.675,3844,168
21/06/17,cycling,cycling,863,3.702,0,105
21/06/17,transport,transport,118,0.535,0,0
22/06/17,walking,walking,1982,2.092,3043,132
22/06/17,cycling,cycling,1854,6.038,0,175
22/06/17,transport,transport,901,2.378,0,0
23/06/17,walking,walking,4466,5.275,6719,332
23/06/17,transport,transport,1138,3.481,0,0
23/06/17,cycling,cycling,3087,10.912,0,314
24/06/17,walking,walking,7900,11.676,13027,735
24/06/17,transport,transport,574,0.658,0,0
25/06/17,walking,walking,4166,4.230,7085,266
25/06/17,transport,transport,484,1.353,0,0
26/06/17,walking,walking,1860,2.128,3019,134
26/06/17,transport,transport,1373,4.695,0,0
26/06/17,cycling,cycling,284,0.847,0,25
27/06/17,walking,walking,2407,2.216,3583,140
27/06/17,cycling,cycling,675,2.475,0,71
27/06/17,transport,transport,668,1.952,0,0
28/06/17,walking,walking,1610,1.668,2277,105
28/06/17,cycling,cycling,1144,3.819,0,111
29/06/17,cycling,cycling,780,2.912,0,83
29/06/17,walking,walking,1309,1.229,1911,77
29/06/17,transport,transport,365,0.762,0,0
30/06/17,walking,walking,1111,1.108,1680,70
30/06/17,cycling,cycling,2876,12.835,0,362
02/07/17,walking,walking,3854,4.682,6038,295
02/07/17,transport,transport,1640,16.135,0,0
02/07/17,cycling,cycling,6172,26.653,0,753
03/07/17,walking,walking,5681,5.976,8477,376
03/07/17,cycling,cycling,2617,10.146,0,289
03/07/17,transport,transport,1359,2.689,0,0
04/07/17,walking,walking,1178,0.991,1611,62
04/07/17,cycling,cycling,559,2.231,0,63
04/07/17,transport,transport,8869,747.420,0,0
05/07/17,transport,transport,1680,248.965,0,0
05/07/17,walking,walking,367,0.255,506,16
05/07/17,cycling,cycling,17898,73.617,0,2089
06/07/17,cycling,cycling,21100,125.841,0,3471
07/07/17,walking,walking,62,0.040,80,3
07/07/17,cycling,cycling,23986,138.479,0,3827
08/07/17,walking,walking,115,0.079,150,5
08/07/17,cycling,cycling,22708,136.213,0,3755
08/07/17,transport,transport,212,0.739,0,0
09/07/17,walking,walking,201,0.153,307,10
09/07/17,cycling,cycling,26973,154.117,0,4263
10/07/17,walking,walking,219,0.201,276,13
10/07/17,cycling,cycling,22762,120.054,0,3339
11/07/17,walking,walking,1645,1.554,2670,98
11/07/17,cycling,cycling,13027,69.906,0,1942
12/07/17,walking,walking,218,0.240,292,15
12/07/17,cycling,cycling,21665,87.636,0,2490
13/07/17,walking,walking,93,0.064,120,4
13/07/17,cycling,cycling,25757,109.449,0,3096
14/07/17,cycling,cycling,23943,117.369,0,3282
15/07/17,walking,walking,19,0.015,30,1
15/07/17,cycling,cycling,21524,99.725,0,2801
16/07/17,cycling,cycling,21912,111.022,0,3097
16/07/17,walking,walking,125,0.095,190,6
17/07/17,cycling,cycling,25498,137.059,0,3807
17/07/17,walking,walking,20,0.015,30,1
18/07/17,walking,walking,187,0.128,247,8
18/07/17,cycling,cycling,18664,94.736,0,2642
19/07/17,walking,walking,3554,3.688,5039,232
19/07/17,cycling,cycling,18105,101.362,0,2807
20/07/17,walking,walking,33,0.025,50,2
20/07/17,cycling,cycling,28368,156.583,0,4341
21/07/17,cycling,cycling,22234,96.493,0,2725
21/07/17,walking,walking,57,0.043,86,3
22/07/17,cycling,cycling,27586,141.402,0,3941
22/07/17,walking,walking,20,0.015,30,1
23/07/17,walking,walking,212,0.172,345,11
23/07/17,cycling,cycling,25077,128.601,0,3584
24/07/17,walking,walking,80,0.045,75,3
24/07/17,cycling,cycling,24010,115.276,0,3229
25/07/17,walking,walking,279,0.272,394,17
25/07/17,cycling,cycling,25995,118.141,0,3323
26/07/17,transport,transport,7693,30.502,0,0
26/07/17,cycling,cycling,19440,110.795,0,3065
26/07/17,walking,walking,28,0.021,42,1
27/07/17,walking,walking,67,0.060,120,4
27/07/17,cycling,cycling,24696,122.700,0,3427
28/07/17,walking,walking,238,0.213,287,13
28/07/17,cycling,cycling,24979,129.325,0,3601
29/07/17,walking,walking,5144,4.902,8202,309
29/07/17,cycling,cycling,23418,117.223,0,3273
30/07/17,walking,walking,118,0.074,145,5
31/07/17,walking,walking,49,0.029,50,2
31/07/17,cycling,cycling,26814,125.216,0,3515
01/08/17,cycling,cycling,29071,121.368,0,3439
02/08/17,walking,walking,7251,9.400,10827,592
02/08/17,transport,transport,9866,720.706,0,0
03/08/17,transport,transport,16510,130.140,0,0
03/08/17,walking,walking,2900,2.372,3733,149
04/08/17,walking,walking,97,0.070,140,4
05/08/17,walking,walking,2091,2.109,3022,133
05/08/17,transport,transport,9248,87.656,0,0
06/08/17,walking,walking,2101,1.870,2740,118
06/08/17,transport,transport,12471,282.648,0,0
07/08/17,walking,walking,1047,0.863,1490,54
07/08/17,transport,transport,4359,43.935,0,0
08/08/17,transport,transport,18321,307.823,0,0
08/08/17,walking,walking,941,0.689,1221,43
09/08/17,walking,walking,1050,1.014,1442,64
09/08/17,transport,transport,1951,8.812,0,0
10/08/17,walking,walking,7938,7.344,12062,463
10/08/17,transport,transport,15015,1275.010,0,0
11/08/17,walking,walking,11040,10.474,15186,660
11/08/17,transport,transport,1078,2.401,0,0
12/08/17,walking,walking,5344,6.103,8027,384
13/08/17,walking,walking,5710,6.306,8237,397
14/08/17,walking,walking,3538,3.609,5036,227
15/08/17,walking,walking,4453,5.278,6874,332
16/08/17,walking,walking,4376,4.398,6099,277
16/08/17,transport,transport,289,0.521,0,0
17/08/17,walking,walking,3855,4.151,5554,261
18/08/17,walking,walking,2759,3.518,4798,222
18/08/17,transport,transport,15296,1266.981,0,0
19/08/17,walking,walking,2234,1.921,3058,121
19/08/17,transport,transport,7637,80.458,0,0
20/08/17,walking,walking,1826,1.522,2516,96
20/08/17,transport,transport,14539,2279.481,0,0
21/08/17,walking,walking,4242,4.558,6207,287
21/08/17,cycling,cycling,1265,4.942,0,141
21/08/17,transport,transport,494,0.853,0,0
22/08/17,walking,walking,2180,2.363,3563,149
22/08/17,cycling,cycling,2089,7.552,0,217
22/08/17,transport,transport,1045,3.082,0,0
23/08/17,walking,walking,1048,1.159,1736,73
23/08/17,cycling,cycling,1668,5.675,0,164
23/08/17,transport,transport,1583,2.157,0,0
24/08/17,walking,walking,4293,4.317,6390,272
24/08/17,cycling,cycling,840,2.515,0,74
24/08/17,transport,transport,293,1.315,0,0
25/08/17,walking,walking,1909,1.813,2495,114
25/08/17,cycling,cycling,1064,3.381,0,98
25/08/17,transport,transport,402,0.352,0,0
27/08/17,walking,walking,354,0.347,532,22
27/08/17,cycling,cycling,1984,9.155,0,257
27/08/17,transport,transport,509,0.700,0,0
28/08/17,walking,walking,1165,0.995,1891,63
28/08/17,cycling,cycling,596,1.833,0,54
