Date,Name,Start,End,Duration,Latitude,Longitude,Category,Link
28/08/17,"Place in Christianshavn, København",2017-08-28T00:00:00+02:00,2017-08-28T08:31:52+02:00,30712,55.67439,12.59182,,
28/08/17,"Place in Østerport, København",2017-08-28T08:41:48+02:00,2017-08-28T12:00:15+02:00,11907,55.687368,12.591419,,
28/08/17,"Place in Østerport, København",2017-08-28T12:00:16+02:00,2017-08-28T12:27:52+02:00,1656,55.688005,12.596253,,
28/08/17,"Place in Østerport, København",2017-08-28T12:39:25+02:00,2017-08-28T14:55:22+02:00,8157,55.687368,12.591419,,
