Date,Type,Name,Start,End,Duration
13/04/17,place,"Place in Christianshavn, København",2017-04-13T00:00:00+02:00,2017-04-13T11:53:05+02:00,42785
13/04/17,move,cycling,2017-04-13T11:53:05+02:00,2017-04-13T12:03:36+02:00,631
13/04/17,place,"Place in Vesterbro, København",2017-04-13T12:03:37+02:00,2017-04-13T12:29:23+02:00,1546
13/04/17,move,transport,2017-04-13T12:29:23+02:00,2017-04-13T13:15:22+02:00,2759
13/04/17,place,"Place in Islands Brygge, København",2017-04-13T13:15:23+02:00,2017-04-13T13:20:46+02:00,323
13/04/17,move,cycling,2017-04-13T13:20:46+02:00,2017-04-13T13:29:05+02:00,499
13/04/17,place,"Place in Christianshavn, København",2017-04-13T13:29:06+02:00,2017-04-14T00:00:00+02:00,37854
