Date,Type,Name,Start,End,Duration
06/05/17,place,"Place in Christianshavn, København",2017-05-06T00:00:00+02:00,2017-05-06T10:33:18+02:00,37998
06/05/17,move,cycling,2017-05-06T10:33:18+02:00,2017-05-06T10:39:16+02:00,358
06/05/17,place,"Place in Indre By, København",2017-05-06T10:39:17+02:00,2017-05-06T18:11:47+02:00,27150
06/05/17,move,transport,2017-05-06T18:11:47+02:00,2017-05-06T18:17:23+02:00,336
06/05/17,place,"Place in Christianshavn, København",2017-05-06T18:17:24+02:00,2017-05-06T18:36:28+02:00,1144
06/05/17,place,"Place in Christianshavn, København",2017-05-06T18:38:20+02:00,2017-05-07T00:00:00+02:00,19300
