Date,Name,Start,End,Duration,Latitude,Longitude,Category,Link
01/04/17,Place in Ebeltoft,2017-04-01T00:00:00+02:00,2017-04-01T15:27:14+02:00,55634,56.193827,10.691077,,
01/04/17,Place in Ebeltoft,2017-04-01T15:30:19+02:00,2017-04-01T15:36:22+02:00,363,56.193827,10.691077,,
01/04/17,Place in Ebeltoft,2017-04-01T16:00:23+02:00,2017-04-01T16:22:43+02:00,1340,56.198167,10.677285,,
01/04/17,Place in Ebeltoft,2017-04-01T16:22:44+02:00,2017-04-01T16:45:14+02:00,1350,56.196477,10.67939,,
01/04/17,Place in Ebeltoft,2017-04-01T16:58:20+02:00,2017-04-01T17:13:50+02:00,930,56.193045,10.690709,,
01/04/17,Place in Ebeltoft,2017-04-01T17:24:12+02:00,2017-04-01T17:26:16+02:00,124,56.185215,10.687075,,
01/04/17,Place in Ebeltoft,2017-04-01T17:58:28+02:00,2017-04-01T19:12:06+02:00,4418,56.193827,10.691077,,
01/04/17,Place in Ebeltoft,2017-04-01T19:12:07+02:00,2017-04-01T19:31:10+02:00,1143,56.193045,10.690709,,
01/04/17,Place in Ebeltoft,2017-04-01T19:31:11+02:00,2017-04-01T20:22:02+02:00,3051,56.193827,10.691077,,
01/04/17,Place in Ebeltoft,2017-04-01T20:24:23+02:00,2017-04-02T00:00:00+02:00,12937,56.193045,10.690709,,
02/04/17,Place in Ebeltoft,2017-04-02T00:00:00+02:00,2017-04-02T10:01:38+02:00,36098,56.193045,10.690709,,
02/04/17,Place in Ebeltoft,2017-04-02T10:01:39+02:00,2017-04-02T10:21:15+02:00,1176,56.193827,10.691077,,
02/04/17,Place in Ebeltoft,2017-04-02T10:32:31+02:00,2017-04-02T10:43:07+02:00,636,56.197108,10.682298,,
02/04/17,Place in Rønde,2017-04-02T11:03:46+02:00,2017-04-02T11:15:00+02:00,674,56.300644,10.478459,,
02/04/17,Place in Aarhus,2017-04-02T11:52:46+02:00,2017-04-02T12:18:34+02:00,1548,56.152023,10.208792,,
02/04/17,"Place in Christianshavn, København",2017-04-02T16:12:10+02:00,2017-04-02T16:18:32+02:00,382,55.67314,12.592651,,
02/04/17,"Place in Christianshavn, København",2017-04-02T16:21:32+02:00,2017-04-03T00:00:00+02:00,27508,55.67439,12.59182,,
03/04/17,"Place in Christianshavn, København",2017-04-03T00:00:00+02:00,2017-04-03T08:19:32+02:00,29972,55.67439,12.59182,,
03/04/17,"Place in Østerport, København",2017-04-03T08:27:51+02:00,2017-04-03T11:58:06+02:00,12615,55.687368,12.591419,,
03/04/17,"Place in Indre By, København",2017-04-03T12:07:39+02:00,2017-04-03T12:22:24+02:00,885,55.687332,12.597837,,
03/04/17,"Place in Indre By, København",2017-04-03T12:22:56+02:00,2017-04-03T12:25:25+02:00,149,55.686498,12.598718,,
03/04/17,"Place in Østerport, København",2017-04-03T12:39:15+02:00,2017-04-03T17:10:01+02:00,16246,55.687368,12.591419,,
03/04/17,"Place in Christianshavn, København",2017-04-03T17:25:36+02:00,2017-04-03T17:44:58+02:00,1162,55.67439,12.59182,,
03/04/17,"Place in Christianshavn, København",2017-04-03T18:30:34+02:00,2017-04-03T18:41:43+02:00,669,55.672933,12.59304,,
03/04/17,"Place in Christianshavn, København",2017-04-03T18:41:44+02:00,2017-04-03T19:26:43+02:00,2699,55.67439,12.59182,,
03/04/17,"Place in Christianshavn, København",2017-04-03T19:31:55+02:00,2017-04-03T19:42:17+02:00,622,55.67314,12.592651,,
03/04/17,"Place in Christianshavn, København",2017-04-03T19:42:18+02:00,2017-04-04T00:00:00+02:00,15462,55.67439,12.59182,,
04/04/17,"Place in Christianshavn, København",2017-04-04T00:00:00+02:00,2017-04-04T10:06:04+02:00,36364,55.67439,12.59182,,
04/04/17,Den Sorte Diamant - Det Kgl. Bibliotek,2017-04-04T10:13:07+02:00,2017-04-04T10:25:13+02:00,726,55.67326,12.58214,,
04/04/17,"Place in Indre By, København",2017-04-04T10:25:14+02:00,2017-04-04T13:50:21+02:00,12307,55.674089,12.582005,,
04/04/17,"Place in Indre By, København",2017-04-04T13:50:22+02:00,2017-04-04T14:13:31+02:00,1389,55.67326,12.58214,,
04/04/17,"Place in Nørrebro, København",2017-04-04T14:31:44+02:00,2017-04-04T15:03:11+02:00,1887,55.686284,12.551324,,
04/04/17,"Place in Nørrebro, København",2017-04-04T15:08:53+02:00,2017-04-04T15:20:37+02:00,704,55.692704,12.551684,,
04/04/17,Københavns Hovedbibliotek,2017-04-04T15:38:09+02:00,2017-04-04T21:01:53+02:00,19424,55.68087,12.57365,,
04/04/17,Studenterhuset,2017-04-04T21:01:54+02:00,2017-04-04T21:17:42+02:00,948,55.681231529072,12.576168300433,,
04/04/17,"Place in Christianshavn, København",2017-04-04T21:24:16+02:00,2017-04-05T00:00:00+02:00,9344,55.67439,12.59182,,
05/04/17,"Place in Christianshavn, København",2017-04-05T00:00:00+02:00,2017-04-05T09:33:01+02:00,34381,55.67439,12.59182,,
05/04/17,Place in Kongens Lyngby,2017-04-05T10:16:31+02:00,2017-04-05T10:52:28+02:00,2157,55.786359,12.525558,,
05/04/17,Place in Kongens Lyngby,2017-04-05T11:02:02+02:00,2017-04-05T14:03:09+02:00,10867,55.783588,12.518219,,
05/04/17,Place in Kongens Lyngby,2017-04-05T14:11:49+02:00,2017-04-05T15:29:48+02:00,4679,55.78553,12.52514,,
05/04/17,Place in Kongens Lyngby,2017-04-05T15:29:48+02:00,2017-04-05T16:26:28+02:00,3400,55.786641,12.525534,,
05/04/17,"Place in Christianshavn, København",2017-04-05T17:07:50+02:00,2017-04-06T00:00:00+02:00,24730,55.67439,12.59182,,
06/04/17,"Place in Christianshavn, København",2017-04-06T00:00:00+02:00,2017-04-06T08:14:07+02:00,29647,55.67439,12.59182,,
06/04/17,"Place in Østerport, København",2017-04-06T08:21:54+02:00,2017-04-06T12:17:29+02:00,14135,55.687368,12.591419,,
06/04/17,"Place in Indre By, København",2017-04-06T12:27:15+02:00,2017-04-06T13:01:19+02:00,2044,55.687688,12.597841,,
06/04/17,"Place in Østerport, København",2017-04-06T13:04:19+02:00,2017-04-06T17:10:42+02:00,14783,55.687368,12.591419,,
06/04/17,"Place in Christianshavn, København",2017-04-06T17:21:31+02:00,2017-04-06T17:38:37+02:00,1026,55.67439,12.59182,,
06/04/17,"Place in Christianshavn, København",2017-04-06T18:04:38+02:00,2017-04-06T18:07:39+02:00,181,55.687247,12.610718,,
06/04/17,"Place in Christianshavn, København",2017-04-06T18:36:16+02:00,2017-04-07T00:00:00+02:00,19424,55.67439,12.59182,,
07/04/17,"Place in Christianshavn, København",2017-04-07T00:00:00+02:00,2017-04-07T08:12:19+02:00,29539,55.67439,12.59182,,
07/04/17,"Place in Østerport, København",2017-04-07T08:23:01+02:00,2017-04-07T12:24:13+02:00,14472,55.687368,12.591419,,
07/04/17,"Place in Indre By, København",2017-04-07T12:30:18+02:00,2017-04-07T12:56:38+02:00,1580,55.687688,12.597841,,
07/04/17,"Place in Østerport, København",2017-04-07T13:05:25+02:00,2017-04-07T16:02:42+02:00,10637,55.687368,12.591419,,
07/04/17,"Place in Christianshavn, København",2017-04-07T16:19:30+02:00,2017-04-07T16:28:12+02:00,522,55.673445,12.592535,,
07/04/17,"Place in Christianshavn, København",2017-04-07T16:29:20+02:00,2017-04-07T16:53:08+02:00,1428,55.67439,12.59182,,
07/04/17,"Place in Christianshavn, København",2017-04-07T17:58:32+02:00,2017-04-07T18:10:17+02:00,705,55.67657,12.594527,,
07/04/17,"Place in Christianshavn, København",2017-04-07T18:12:13+02:00,2017-04-08T00:00:00+02:00,20867,55.67439,12.59182,,
08/04/17,"Place in Christianshavn, København",2017-04-08T00:00:00+02:00,2017-04-08T10:55:53+02:00,39353,55.67439,12.59182,,
08/04/17,"Place in Indre By, København",2017-04-08T11:00:55+02:00,2017-04-08T18:10:00+02:00,25745,55.674089,12.582005,,
08/04/17,"Place in Christianshavn, København",2017-04-08T18:15:34+02:00,2017-04-08T18:29:05+02:00,811,55.67439,12.59182,,
08/04/17,"Place in Amagerbro Station, København",2017-04-08T18:38:41+02:00,2017-04-08T19:57:57+02:00,4756,55.65813,12.60703,,
08/04/17,"Place in Christianshavn, København",2017-04-08T20:06:16+02:00,2017-04-08T22:50:32+02:00,9856,55.67439,12.59182,,
08/04/17,"Place in Vesterbro, København",2017-04-08T23:04:59+02:00,2017-04-08T23:17:31+02:00,752,55.666347,12.558719,,
08/04/17,"Place in Vesterbro, København",2017-04-08T23:17:32+02:00,2017-04-09T00:00:00+02:00,2548,55.66859,12.559659,,
09/04/17,"Place in Vesterbro, København",2017-04-09T00:00:00+02:00,2017-04-09T00:58:30+02:00,3510,55.66859,12.559659,,
09/04/17,"Place in Vesterbro, København",2017-04-09T01:04:04+02:00,2017-04-09T04:16:42+02:00,11558,55.665957,12.559798,,
09/04/17,"Place in Christianshavn, København",2017-04-09T04:28:14+02:00,2017-04-09T15:39:02+02:00,40248,55.67439,12.59182,,
09/04/17,"Place in Christianshavn, København",2017-04-09T15:54:27+02:00,2017-04-09T18:43:21+02:00,10134,55.693086,12.610458,,
09/04/17,"Place in Christianshavn, København",2017-04-09T18:58:55+02:00,2017-04-09T19:10:36+02:00,701,55.677426,12.596426,,
09/04/17,"Place in Christianshavn, København",2017-04-09T19:15:50+02:00,2017-04-09T20:54:01+02:00,5891,55.67439,12.59182,,
09/04/17,"Place in Islands Brygge, København",2017-04-09T21:02:10+02:00,2017-04-09T23:47:51+02:00,9941,55.666595,12.581983,,
09/04/17,"Place in Christianshavn, København",2017-04-09T23:55:26+02:00,2017-04-10T00:00:00+02:00,274,55.67439,12.59182,,
10/04/17,"Place in Christianshavn, København",2017-04-10T00:00:00+02:00,2017-04-10T08:16:22+02:00,29782,55.67439,12.59182,,
10/04/17,"Place in Østerport, København",2017-04-10T08:25:17+02:00,2017-04-10T12:24:48+02:00,14371,55.687368,12.591419,,
10/04/17,"Place in Indre By, København",2017-04-10T12:33:02+02:00,2017-04-10T13:01:47+02:00,1725,55.687688,12.597841,,
10/04/17,"Place in Østerport, København",2017-04-10T13:09:28+02:00,2017-04-10T16:37:27+02:00,12479,55.687368,12.591419,,
10/04/17,"Place in Christianshavn, København",2017-04-10T16:45:47+02:00,2017-04-10T16:57:32+02:00,705,55.67439,12.59182,,
10/04/17,"Place in Christianshavn, København",2017-04-10T16:59:54+02:00,2017-04-10T17:30:01+02:00,1807,55.67439,12.59182,,
10/04/17,"Place in Christianshavn, København",2017-04-10T17:54:31+02:00,2017-04-10T18:02:37+02:00,486,55.673397,12.600962,,
10/04/17,"Place in Christianshavn, København",2017-04-10T18:11:57+02:00,2017-04-11T00:00:00+02:00,20883,55.67439,12.59182,,
11/04/17,"Place in Christianshavn, København",2017-04-11T00:00:00+02:00,2017-04-11T08:13:15+02:00,29595,55.67439,12.59182,,
11/04/17,"Place in Østerport, København",2017-04-11T08:25:31+02:00,2017-04-11T12:01:38+02:00,12967,55.687368,12.591419,,
11/04/17,"Place in Indre By, København",2017-04-11T12:06:18+02:00,2017-04-11T12:34:50+02:00,1712,55.687688,12.597841,,
11/04/17,"Place in Østerport, København",2017-04-11T12:45:19+02:00,2017-04-11T16:56:10+02:00,15051,55.687368,12.591419,,
11/04/17,"Place in Christianshavn, København",2017-04-11T17:07:38+02:00,2017-04-11T17:25:01+02:00,1043,55.67439,12.59182,,
11/04/17,"Place in Christianshavn, København",2017-04-11T18:23:55+02:00,2017-04-11T20:22:29+02:00,7114,55.67439,12.59182,,
11/04/17,"Place in Christianshavn, København",2017-04-11T21:13:01+02:00,2017-04-11T21:44:20+02:00,1879,55.67439,12.59182,,
11/04/17,"Place in Christianshavn, København",2017-04-11T21:52:28+02:00,2017-04-11T22:04:25+02:00,717,55.677141,12.596162,,
11/04/17,"Place in Christianshavn, København",2017-04-11T22:11:43+02:00,2017-04-11T22:24:12+02:00,749,55.67439,12.59182,,
11/04/17,"Place in Christianshavn, København",2017-04-11T22:34:35+02:00,2017-04-11T22:38:37+02:00,242,55.673256,12.592068,,
11/04/17,"Place in Christianshavn, København",2017-04-11T22:38:38+02:00,2017-04-12T00:00:00+02:00,4882,55.67439,12.59182,,
12/04/17,"Place in Christianshavn, København",2017-04-12T00:00:00+02:00,2017-04-12T08:24:09+02:00,30249,55.67439,12.59182,,
12/04/17,"Place in Østerport, København",2017-04-12T08:33:04+02:00,2017-04-12T12:27:02+02:00,14038,55.687368,12.591419,,
12/04/17,"Place in Indre By, København",2017-04-12T12:35:48+02:00,2017-04-12T12:58:23+02:00,1355,55.687688,12.597841,,
12/04/17,"Place in Østerport, København",2017-04-12T13:01:23+02:00,2017-04-12T16:45:15+02:00,13432,55.687368,12.591419,,
12/04/17,"Place in Christianshavn, København",2017-04-12T16:57:07+02:00,2017-04-12T17:31:55+02:00,2088,55.67439,12.59182,,
12/04/17,"Place in Christianshavn, København",2017-04-12T17:38:36+02:00,2017-04-12T17:44:41+02:00,365,55.677141,12.596162,,
12/04/17,"Place in Christianshavn, København",2017-04-12T18:06:26+02:00,2017-04-12T19:00:30+02:00,3244,55.679596,12.598035,,
12/04/17,"Place in Christianshavn, København",2017-04-12T19:17:36+02:00,2017-04-12T19:26:14+02:00,518,55.671977,12.59153,,
12/04/17,"Place in Christianshavn, København",2017-04-12T19:31:42+02:00,2017-04-13T00:00:00+02:00,16098,55.67439,12.59182,,
13/04/17,"Place in Christianshavn, København",2017-04-13T00:00:00+02:00,2017-04-13T11:53:05+02:00,42785,55.67439,12.59182,,
13/04/17,"Place in Vesterbro, København",2017-04-13T12:03:37+02:00,2017-04-13T12:29:23+02:00,1546,55.661383,12.560836,,
13/04/17,"Place in Islands Brygge, København",2017-04-13T13:15:23+02:00,2017-04-13T13:20:46+02:00,323,55.666792,12.581635,,
13/04/17,"Place in Christianshavn, København",2017-04-13T13:29:06+02:00,2017-04-14T00:00:00+02:00,37854,55.67439,12.59182,,
14/04/17,"Place in Christianshavn, København",2017-04-14T00:00:00+02:00,2017-04-14T10:56:56+02:00,39416,55.67439,12.59182,,
14/04/17,"Place in Christianshavn, København",2017-04-14T11:04:07+02:00,2017-04-14T11:10:39+02:00,392,55.67236,12.593661,,
14/04/17,"Place in Christianshavn, København",2017-04-14T11:33:31+02:00,2017-04-14T11:38:55+02:00,324,55.672395,12.591317,,
14/04/17,"Place in Christianshavn, København",2017-04-14T11:46:33+02:00,2017-04-14T20:15:07+02:00,30514,55.67439,12.59182,,
14/04/17,"Place in Nørrebro, København",2017-04-14T20:32:58+02:00,2017-04-14T21:48:22+02:00,4524,55.694696,12.543154,,
14/04/17,"Place in Christianshavn, København",2017-04-14T22:10:12+02:00,2017-04-15T00:00:00+02:00,6588,55.67439,12.59182,,
15/04/17,"Place in Christianshavn, København",2017-04-15T00:00:00+02:00,2017-04-15T06:05:39+02:00,21939,55.67439,12.59182,,
15/04/17,Copenhagen Airport (CPH),2017-04-15T06:40:12+02:00,2017-04-15T07:00:37+02:00,1225,55.628527856949,12.646792379427,,
15/04/17,Place in Kastrup,2017-04-15T07:00:38+02:00,2017-04-15T07:10:14+02:00,576,55.628572,12.648952,,
15/04/17,Place in Kastrup,2017-04-15T07:14:17+02:00,2017-04-15T08:05:20+02:00,3063,55.627335,12.651708,,
15/04/17,Keflavik International Airport,2017-04-15T11:24:00+02:00,2017-04-15T11:35:31+02:00,691,63.995936792997,-22.623745405451,,
15/04/17,Place in Sandgerði,2017-04-15T11:35:32+02:00,2017-04-15T12:04:40+02:00,1748,63.996226,-22.622079,,
15/04/17,Place in Reykjavík,2017-04-15T13:04:40+02:00,2017-04-15T13:52:48+02:00,2888,64.143027,-21.91663,,
15/04/17,Place in Reykjavík,2017-04-15T14:09:46+02:00,2017-04-15T14:27:53+02:00,1087,64.144528,-21.92172,,
15/04/17,Place in Reykjavík,2017-04-15T14:32:31+02:00,2017-04-15T14:41:15+02:00,524,64.146095,-21.930496,,
15/04/17,Place in Reykjavík,2017-04-15T14:50:28+02:00,2017-04-15T14:53:01+02:00,153,64.147676,-21.939014,,
15/04/17,Place in Reykjavík,2017-04-15T15:00:07+02:00,2017-04-15T15:04:53+02:00,286,64.149682,-21.94035,,
15/04/17,Harpa Concert Hall and Conference Centre,2017-04-15T15:10:05+02:00,2017-04-15T15:54:46+02:00,2681,64.15042,-21.9325699,,
15/04/17,Place in Reykjavík,2017-04-15T15:59:29+02:00,2017-04-15T16:03:42+02:00,253,64.147757,-21.933279,,
15/04/17,Stofan Kaffihús,2017-04-15T16:11:30+02:00,2017-04-15T17:29:15+02:00,4665,64.1488,-21.94213,,
15/04/17,Listasafn Einars Jónssonar,2017-04-15T17:53:31+02:00,2017-04-15T18:15:39+02:00,1328,64.14168876655,-21.929421964917,,
15/04/17,Place in Reykjavík,2017-04-15T18:20:33+02:00,2017-04-15T18:23:33+02:00,180,64.144033,-21.92577,,
15/04/17,Place in Reykjavík,2017-04-15T18:33:09+02:00,2017-04-15T21:53:07+02:00,11998,64.143027,-21.91663,,
15/04/17,Place in Reykjavík,2017-04-15T21:55:11+02:00,2017-04-15T22:01:02+02:00,351,64.143934,-21.915377,,
15/04/17,Place in Reykjavík,2017-04-15T22:33:04+02:00,2017-04-16T00:00:00+02:00,5216,64.152549,-21.95135,,
16/04/17,Place in Reykjavík,2017-04-16T00:00:00+02:00,2017-04-16T00:02:02+02:00,122,64.152549,-21.95135,,
16/04/17,Place in Reykjavík,2017-04-16T00:30:12+02:00,2017-04-16T13:25:34+02:00,46522,64.143027,-21.91663,,
16/04/17,Brauð&co,2017-04-16T13:34:39+02:00,2017-04-16T14:36:27+02:00,3708,64.14402,-21.9261,,
16/04/17,Place in Reykjavík,2017-04-16T14:46:50+02:00,2017-04-16T14:48:56+02:00,126,64.141454,-21.936451,,
16/04/17,Þjóðminjasafnið /National Museum of Iceland,2017-04-16T14:58:56+02:00,2017-04-16T16:11:54+02:00,4378,64.14196,-21.94816,,
16/04/17,Whales of Iceland,2017-04-16T16:41:40+02:00,2017-04-16T18:04:11+02:00,4951,64.15568,-21.94883,,
16/04/17,Place in Reykjavík,2017-04-16T18:19:48+02:00,2017-04-16T18:26:22+02:00,394,64.1484,-21.938002,,
16/04/17,Reykjavik Punk Museum,2017-04-16T18:31:35+02:00,2017-04-16T18:51:05+02:00,1170,64.14692,-21.93575,,
16/04/17,Place in Reykjavík,2017-04-16T19:09:08+02:00,2017-04-16T21:57:32+02:00,10104,64.143027,-21.91663,,
16/04/17,Place in Reykjavík,2017-04-16T22:08:45+02:00,2017-04-17T00:00:00+02:00,6675,64.143087,-21.928349,,
17/04/17,Place in Reykjavík,2017-04-17T00:00:00+02:00,2017-04-17T00:08:13+02:00,493,64.143087,-21.928349,,
17/04/17,Place in Reykjavík,2017-04-17T00:23:22+02:00,2017-04-17T15:23:29+02:00,54007,64.143027,-21.91663,,
17/04/17,Place in Reykjavík,2017-04-17T15:32:18+02:00,2017-04-17T15:53:01+02:00,1243,64.14402,-21.9261,,
17/04/17,Place in Reykjavík,2017-04-17T15:53:02+02:00,2017-04-17T16:05:16+02:00,734,64.144528,-21.92172,,
17/04/17,Place in Reykjavík,2017-04-17T16:08:38+02:00,2017-04-17T19:35:09+02:00,12391,64.143027,-21.91663,,
17/04/17,Place in Reykjavík,2017-04-17T19:46:56+02:00,2017-04-17T20:10:20+02:00,1404,64.146514,-21.933457,,
17/04/17,Place in Reykjavík,2017-04-17T20:16:11+02:00,2017-04-17T20:18:52+02:00,161,64.143905,-21.921153,,
17/04/17,Place in Reykjavík,2017-04-17T20:32:51+02:00,2017-04-17T21:55:42+02:00,4971,64.145504,-21.928552,,
17/04/17,Place in Reykjavík,2017-04-17T22:04:33+02:00,2017-04-18T00:00:00+02:00,6927,64.143027,-21.91663,,
18/04/17,Place in Reykjavík,2017-04-18T00:00:00+02:00,2017-04-18T12:03:52+02:00,43432,64.143027,-21.91663,,
18/04/17,Place in Reykjavík,2017-04-18T12:15:01+02:00,2017-04-18T12:53:32+02:00,2311,64.14402,-21.9261,,
18/04/17,Place in Reykjavík,2017-04-18T12:53:32+02:00,2017-04-18T13:05:13+02:00,701,64.144829,-21.93118,,
18/04/17,Place in Reykjavík,2017-04-18T13:05:14+02:00,2017-04-18T13:21:58+02:00,1004,64.146066,-21.93268,,
18/04/17,Place in Reykjavík,2017-04-18T13:21:59+02:00,2017-04-18T14:26:30+02:00,3871,64.147182,-21.93262,,
18/04/17,Place in Reykjavík,2017-04-18T14:30:17+02:00,2017-04-18T14:46:50+02:00,993,64.145594,-21.92752,,
18/04/17,Place in Reykjavík,2017-04-18T14:49:40+02:00,2017-04-18T15:03:32+02:00,832,64.146095,-21.930496,,
18/04/17,Place in Reykjavík,2017-04-18T15:09:05+02:00,2017-04-18T15:11:59+02:00,174,64.14692,-21.93575,,
18/04/17,Icelandic Fish & Chips,2017-04-18T15:24:36+02:00,2017-04-18T16:21:04+02:00,3388,64.149552442265,-21.942125263204,,
18/04/17,Reykjavík Sailors,2017-04-18T16:24:16+02:00,2017-04-18T16:35:36+02:00,680,64.15242285373,-21.946778297424,,
18/04/17,Place in Reykjavík,2017-04-18T16:35:37+02:00,2017-04-18T16:46:48+02:00,671,64.152838,-21.949796,,
18/04/17,Ísbúðin Valdís,2017-04-18T16:46:49+02:00,2017-04-18T16:57:05+02:00,616,64.153345160404,-21.949243050385,,
18/04/17,Place in Reykjavík,2017-04-18T17:28:33+02:00,2017-04-18T17:30:51+02:00,138,64.14465,-21.923977,,
18/04/17,Place in Reykjavík,2017-04-18T17:34:06+02:00,2017-04-18T23:52:45+02:00,22719,64.143027,-21.91663,,
19/04/17,Place in Reykjavík,2017-04-19T00:01:02+02:00,2017-04-19T01:35:11+02:00,5649,64.145504,-21.928552,,
19/04/17,Place in Reykjavík,2017-04-19T01:45:11+02:00,2017-04-19T11:28:04+02:00,34973,64.143027,-21.91663,,
19/04/17,Place in Reykjavík,2017-04-19T11:35:36+02:00,2017-04-19T11:58:36+02:00,1380,64.14402,-21.9261,,
19/04/17,Place in Reykjavík,2017-04-19T12:02:22+02:00,2017-04-19T14:27:35+02:00,8713,64.143027,-21.91663,,
19/04/17,Place in Reykjavík,2017-04-19T14:27:35+02:00,2017-04-19T14:37:12+02:00,577,64.143135,-21.915264,,
19/04/17,Reykjavik Excursions,2017-04-19T14:44:08+02:00,2017-04-19T15:15:03+02:00,1855,64.137319305569,-21.934264979664,,
19/04/17,Blue Lagoon Iceland,2017-04-19T16:02:01+02:00,2017-04-19T19:13:05+02:00,11464,63.880202447571,-22.450518608093,,
19/04/17,Place in Reykjavík,2017-04-19T20:07:33+02:00,2017-04-19T20:38:37+02:00,1864,64.143027,-21.91663,,
19/04/17,Place in Reykjavík,2017-04-19T20:53:19+02:00,2017-04-19T21:42:29+02:00,2950,64.147182,-21.93262,,
19/04/17,MicroBar,2017-04-19T21:52:18+02:00,2017-04-19T23:16:34+02:00,5056,64.14866,-21.94108,,
19/04/17,Place in Reykjavík,2017-04-19T23:33:32+02:00,2017-04-20T00:00:00+02:00,1588,64.143027,-21.91663,,
20/04/17,Place in Reykjavík,2017-04-20T00:00:00+02:00,2017-04-20T12:40:32+02:00,45632,64.143027,-21.91663,,
20/04/17,Place in Reykjavík,2017-04-20T12:47:09+02:00,2017-04-20T13:32:34+02:00,2725,64.14402,-21.9261,,
20/04/17,Place in Reykjavík,2017-04-20T13:37:04+02:00,2017-04-20T13:40:13+02:00,189,64.145733,-21.929371,,
20/04/17,Place in Reykjavík,2017-04-20T13:44:46+02:00,2017-04-20T14:10:01+02:00,1515,64.14402,-21.9261,,
20/04/17,"Safnbúð Listasafns Íslands / Gallery Shop, National Gallery of Iceland",2017-04-20T14:19:45+02:00,2017-04-20T15:29:08+02:00,4163,64.144207873815,-21.93943977356,,
20/04/17,Bravó!,2017-04-20T15:42:12+02:00,2017-04-20T15:57:46+02:00,934,64.145668534234,-21.929098084958,,
20/04/17,Place in Reykjavík,2017-04-20T15:57:47+02:00,2017-04-20T16:21:42+02:00,1435,64.144814,-21.924725,,
20/04/17,Place in Reykjavík,2017-04-20T16:30:09+02:00,2017-04-20T16:46:37+02:00,988,64.143027,-21.91663,,
20/04/17,Cafe Babalú,2017-04-20T17:03:42+02:00,2017-04-20T17:22:54+02:00,1152,64.144065216392,-21.930081554523,,
20/04/17,Stefánsbúð,2017-04-20T17:32:08+02:00,2017-04-20T17:45:42+02:00,814,64.14449,-21.9373,,
20/04/17,Place in Reykjavík,2017-04-20T17:52:10+02:00,2017-04-20T18:07:02+02:00,892,64.145505,-21.932044,,
20/04/17,Place in Reykjavík,2017-04-20T18:12:42+02:00,2017-04-20T18:58:42+02:00,2760,64.144117,-21.930425,,
20/04/17,Place in Reykjavík,2017-04-20T19:13:38+02:00,2017-04-20T22:27:21+02:00,11623,64.143027,-21.91663,,
20/04/17,Mikkeller & Friends Reykjavík,2017-04-20T22:44:26+02:00,2017-04-20T23:47:44+02:00,3798,64.1470499,-21.93295,,
21/04/17,Place in Reykjavík,2017-04-21T00:04:36+02:00,2017-04-21T09:09:37+02:00,32701,64.143027,-21.91663,,
21/04/17,Place in Reykjavík,2017-04-21T09:16:49+02:00,2017-04-21T09:34:07+02:00,1038,64.137319,-21.934265,,
21/04/17,Place in Sandgerði,2017-04-21T10:22:24+02:00,2017-04-21T10:31:39+02:00,555,63.996941,-22.62411,,
21/04/17,Place in Sandgerði,2017-04-21T10:36:12+02:00,2017-04-21T11:07:34+02:00,1882,63.995937,-22.623745,,
21/04/17,Place in Sandgerði,2017-04-21T11:07:35+02:00,2017-04-21T13:03:41+02:00,6966,63.995937,-22.623745,,
21/04/17,Place in Kastrup,2017-04-21T15:44:15+02:00,2017-04-21T15:51:18+02:00,423,55.627305,12.645532,,
21/04/17,"Place in Christianshavn, København",2017-04-21T16:28:09+02:00,2017-04-21T16:36:33+02:00,504,55.67439,12.59182,,
21/04/17,"Place in Amagerbro Station, København",2017-04-21T16:44:59+02:00,2017-04-21T16:53:05+02:00,486,55.668601,12.606855,,
21/04/17,"Place in Indre By, København",2017-04-21T17:01:59+02:00,2017-04-21T17:30:17+02:00,1698,55.680859,12.581974,,
21/04/17,"Place in Christianshavn, København",2017-04-21T17:37:38+02:00,2017-04-21T19:09:07+02:00,5489,55.67439,12.59182,,
21/04/17,"Place in Christianshavn, København",2017-04-21T19:09:07+02:00,2017-04-21T19:19:03+02:00,596,55.672395,12.591317,,
21/04/17,"Place in Østerbro, København",2017-04-21T19:41:59+02:00,2017-04-21T19:47:52+02:00,353,55.706067,12.587661,,
21/04/17,"Place in Østerbro, København",2017-04-21T19:59:35+02:00,2017-04-21T23:18:43+02:00,11948,55.707142,12.59614,,
21/04/17,"Place in Christianshavn, København",2017-04-21T23:47:10+02:00,2017-04-22T00:00:00+02:00,770,55.67439,12.59182,,
22/04/17,"Place in Christianshavn, København",2017-04-22T00:00:00+02:00,2017-04-22T09:17:19+02:00,33439,55.67439,12.59182,,
22/04/17,Place in Kastrup,2017-04-22T09:45:26+02:00,2017-04-22T10:32:38+02:00,2832,55.628528,12.646792,,
22/04/17,Place in Kastrup,2017-04-22T10:36:45+02:00,2017-04-22T10:41:22+02:00,277,55.628937,12.645279,,
22/04/17,Place in Kastrup,2017-04-22T10:44:27+02:00,2017-04-22T11:09:52+02:00,1525,55.627483,12.64136,,
22/04/17,Place in Kastrup,2017-04-22T11:09:52+02:00,2017-04-22T11:47:05+02:00,2233,55.627186,12.641672,,
22/04/17,Place in Spáta,2017-04-22T14:48:16+02:00,2017-04-22T14:53:24+02:00,308,37.938035,23.949229,,
22/04/17,Place in Spáta,2017-04-22T14:58:32+02:00,2017-04-22T15:20:25+02:00,1313,37.937083,23.94713,,
22/04/17,Place in Néa Mákri,2017-04-22T15:53:19+02:00,2017-04-22T16:40:34+02:00,2835,38.043858,23.993347,,
22/04/17,Place in Néa Mákri,2017-04-22T16:43:45+02:00,2017-04-22T17:50:41+02:00,4016,38.04254,23.994662,,
22/04/17,Place in Kifisiá,2017-04-22T18:46:59+02:00,2017-04-22T19:57:31+02:00,4232,38.113656,23.839727,,
22/04/17,"Place in Thiseio, Athens",2017-04-22T20:47:24+02:00,2017-04-23T00:00:00+02:00,11556,37.974631,23.718237,,
23/04/17,"Place in Thiseio, Athens",2017-04-23T00:00:00+02:00,2017-04-23T02:08:18+02:00,7698,37.974631,23.718237,,
23/04/17,"Place in Γκάζι, Athens",2017-04-23T02:17:02+02:00,2017-04-23T02:19:02+02:00,120,37.979029,23.715894,,
23/04/17,Place in Athens,2017-04-23T02:39:30+02:00,2017-04-23T02:44:21+02:00,291,37.988155,23.707013,,
23/04/17,Place in Kifisiá,2017-04-23T10:29:51+02:00,2017-04-23T11:22:27+02:00,3156,38.113656,23.839727,,
23/04/17,Place in Kifisiá,2017-04-23T11:37:10+02:00,2017-04-23T13:49:05+02:00,7915,38.113656,23.839727,,
23/04/17,Place in Kifisiá,2017-04-23T13:59:45+02:00,2017-04-23T14:13:23+02:00,818,38.085549,23.816476,,
23/04/17,Place in Mistrás,2017-04-23T16:58:46+02:00,2017-04-23T19:24:02+02:00,8716,37.115528,22.344192,,
23/04/17,Place in Mistrás,2017-04-23T19:24:03+02:00,2017-04-23T20:03:16+02:00,2353,37.114447,22.343527,,
23/04/17,Place in Mistrás,2017-04-23T20:07:20+02:00,2017-04-24T00:00:00+02:00,13960,37.115528,22.344192,,
24/04/17,Place in Mistrás,2017-04-24T00:00:00+02:00,2017-04-24T11:21:28+02:00,40888,37.115528,22.344192,,
24/04/17,Place in Sparta,2017-04-24T12:03:52+02:00,2017-04-24T12:36:24+02:00,1952,37.043974,22.4427,,
24/04/17,Place in Sparta,2017-04-24T12:54:29+02:00,2017-04-24T13:04:31+02:00,602,37.074084,22.430792,,
24/04/17,Place in Sparta,2017-04-24T13:08:36+02:00,2017-04-24T14:49:54+02:00,6078,37.084597,22.430519,,
24/04/17,Place in Sparta,2017-04-24T14:56:51+02:00,2017-04-24T20:19:38+02:00,19367,37.073558,22.431733,,
24/04/17,Place in Mistrás,2017-04-24T20:47:48+02:00,2017-04-25T00:00:00+02:00,11532,37.115528,22.344192,,
25/04/17,Place in Mistrás,2017-04-25T00:00:00+02:00,2017-04-25T08:45:40+02:00,31540,37.115528,22.344192,,
25/04/17,Place in Mistrás,2017-04-25T08:52:14+02:00,2017-04-25T09:30:33+02:00,2299,37.114447,22.343527,,
25/04/17,Place in Mistrás,2017-04-25T09:30:34+02:00,2017-04-25T09:30:50+02:00,16,37.114447,22.343527,,
25/04/17,Place in Mistrás,2017-04-25T09:30:50+02:00,2017-04-25T09:49:38+02:00,1128,37.115528,22.344192,,
25/04/17,Place in Sparta,2017-04-25T10:09:59+02:00,2017-04-25T10:29:10+02:00,1151,37.062473,22.433074,,
25/04/17,Place in Sparta,2017-04-25T10:33:11+02:00,2017-04-25T12:56:38+02:00,8607,37.073558,22.431733,,
25/04/17,Place in Sparta,2017-04-25T13:03:21+02:00,2017-04-25T13:57:03+02:00,3222,37.084597,22.430519,,
25/04/17,Place in Sparta,2017-04-25T14:05:19+02:00,2017-04-25T14:37:52+02:00,1953,37.076854,22.436042,,
25/04/17,Place in Sparta,2017-04-25T14:42:48+02:00,2017-04-25T16:27:59+02:00,6311,37.078705,22.428166,,
25/04/17,Place in Mistrás,2017-04-25T16:42:56+02:00,2017-04-25T18:56:37+02:00,8021,37.115528,22.344192,,
25/04/17,Place in Mistrás,2017-04-25T18:56:38+02:00,2017-04-25T19:49:41+02:00,3183,37.114703,22.343307,,
25/04/17,Place in Mistrás,2017-04-25T19:49:42+02:00,2017-04-25T19:58:49+02:00,547,37.115528,22.344192,,
25/04/17,Place in Sparta,2017-04-25T20:23:28+02:00,2017-04-25T20:47:08+02:00,1420,37.090942,22.450787,,
25/04/17,Place in Mistrás,2017-04-25T21:24:47+02:00,2017-04-25T23:58:13+02:00,9206,37.093691,22.349312,,
26/04/17,Place in Mistrás,2017-04-26T00:37:23+02:00,2017-04-26T07:59:23+02:00,26520,37.115528,22.344192,,
26/04/17,Place in Amaroúsion,2017-04-26T11:00:15+02:00,2017-04-26T11:33:20+02:00,1985,38.045374,23.809108,,
26/04/17,Place in Amaroúsion,2017-04-26T11:47:58+02:00,2017-04-26T12:07:34+02:00,1176,38.053128,23.806224,,
26/04/17,Place in Amaroúsion,2017-04-26T12:19:14+02:00,2017-04-26T12:21:33+02:00,139,38.057546,23.808935,,
26/04/17,Place in Amaroúsion,2017-04-26T13:10:07+02:00,2017-04-26T13:43:56+02:00,2029,38.053182,23.805867,,
26/04/17,Place in Kifisiá,2017-04-26T14:23:01+02:00,2017-04-26T16:31:40+02:00,7719,38.113656,23.839727,,
26/04/17,Place in Khalándrion,2017-04-26T17:32:51+02:00,2017-04-26T17:34:52+02:00,121,38.020013,23.795598,,
26/04/17,Place in Khalándrion,2017-04-26T17:41:02+02:00,2017-04-26T20:10:02+02:00,8940,38.020874,23.799237,,
26/04/17,Place in Khalándrion,2017-04-26T20:12:08+02:00,2017-04-26T20:18:19+02:00,371,38.020114,23.798449,,
26/04/17,"Place in Sýntagma, Athens",2017-04-26T21:07:02+02:00,2017-04-26T21:10:33+02:00,211,37.975269,23.732851,,
26/04/17,"Place in Sýntagma, Athens",2017-04-26T21:16:05+02:00,2017-04-26T23:23:24+02:00,7639,37.973417,23.734226,,
26/04/17,Place in Kifisiá,2017-04-26T23:53:22+02:00,2017-04-27T00:00:00+02:00,398,38.113656,23.839727,,
27/04/17,Place in Kifisiá,2017-04-27T00:00:00+02:00,2017-04-27T17:02:28+02:00,61348,38.113656,23.839727,,
27/04/17,Gatsby,2017-04-27T17:30:13+02:00,2017-04-27T17:37:09+02:00,416,38.088617621874,23.817769289017,,
27/04/17,Hondos Center Νέα Ερυθραία,2017-04-27T17:47:16+02:00,2017-04-27T17:55:08+02:00,472,38.088441624366,23.814279557232,,
27/04/17,Place in Kifisiá,2017-04-27T17:55:08+02:00,2017-04-27T17:56:05+02:00,57,38.088399,23.814695,,
27/04/17,KAFEINA,2017-04-27T18:02:25+02:00,2017-04-27T18:18:37+02:00,972,38.085867661075,23.816496115122,,
27/04/17,Place in Kifisiá,2017-04-27T18:45:06+02:00,2017-04-27T19:42:09+02:00,3423,38.113656,23.839727,,
27/04/17,Mikel Ευελπίδων,2017-04-27T20:21:29+02:00,2017-04-27T21:53:36+02:00,5527,37.99632,23.74092,,
27/04/17,"Place in Exarcheia, Athens",2017-04-27T22:22:08+02:00,2017-04-27T22:29:27+02:00,439,37.984495,23.734685,,
27/04/17,"Place in Exarcheia, Athens",2017-04-27T22:29:28+02:00,2017-04-28T00:00:00+02:00,5432,37.983453,23.7333,,
28/04/17,"Place in Exarcheia, Athens",2017-04-28T00:00:00+02:00,2017-04-28T01:01:21+02:00,3681,37.983453,23.7333,,
28/04/17,Place in Kifisiá,2017-04-28T01:31:19+02:00,2017-04-28T12:34:24+02:00,39785,38.113656,23.839727,,
28/04/17,Place in Kifisiá,2017-04-28T12:38:57+02:00,2017-04-28T14:25:55+02:00,6418,38.117216,23.833962,,
28/04/17,Place in Kifisiá,2017-04-28T14:30:25+02:00,2017-04-28T17:48:57+02:00,11912,38.113656,23.839727,,
28/04/17,"Place in Thiseio, Athens",2017-04-28T18:20:46+02:00,2017-04-28T20:59:49+02:00,9543,37.974631,23.718237,,
28/04/17,"Place in Plateia Koumoundourou, Athens",2017-04-28T21:08:35+02:00,2017-04-29T00:00:00+02:00,10285,37.982819,23.72,,
29/04/17,"Place in Plateia Koumoundourou, Athens",2017-04-29T00:00:00+02:00,2017-04-29T00:15:58+02:00,958,37.982819,23.72,,
29/04/17,"Place in Kerameikos, Athens",2017-04-29T00:19:24+02:00,2017-04-29T00:44:43+02:00,1519,37.981253,23.716265,,
29/04/17,Place in Kifisiá,2017-04-29T01:19:45+02:00,2017-04-29T11:50:55+02:00,37870,38.113398,23.839888,,
29/04/17,Place in Néa Mákri,2017-04-29T12:43:43+02:00,2017-04-29T13:35:15+02:00,3092,38.043858,23.993347,,
29/04/17,Place in Spáta,2017-04-29T14:03:32+02:00,2017-04-29T14:55:58+02:00,3146,37.985797,23.910203,,
29/04/17,Place in Spáta,2017-04-29T15:00:47+02:00,2017-04-29T15:07:27+02:00,400,37.987092,23.909373,,
29/04/17,Place in Kifisiá,2017-04-29T15:28:51+02:00,2017-04-29T15:50:07+02:00,1276,38.072625,23.813805,,
29/04/17,Place in Kifisiá,2017-04-29T16:10:48+02:00,2017-04-29T19:43:08+02:00,12740,38.113656,23.839727,,
29/04/17,"Place in Thiseio, Athens",2017-04-29T20:31:27+02:00,2017-04-29T21:11:04+02:00,2377,37.974631,23.718237,,
29/04/17,"Place in Thiseio, Athens",2017-04-29T21:15:34+02:00,2017-04-30T00:00:00+02:00,9866,37.974631,23.718237,,
30/04/17,"Place in Thiseio, Athens",2017-04-30T00:00:00+02:00,2017-04-30T01:02:27+02:00,3747,37.974631,23.718237,,
30/04/17,"Place in Metaxourgeio, Athens",2017-04-30T01:11:01+02:00,2017-04-30T01:22:48+02:00,707,37.983881,23.719633,,
30/04/17,"Place in Plateia Koumoundourou, Athens",2017-04-30T01:22:49+02:00,2017-04-30T01:26:33+02:00,224,37.982819,23.72,,
30/04/17,"Place in Metaxourgeio, Athens",2017-04-30T02:02:09+02:00,2017-04-30T02:54:25+02:00,3136,37.985863,23.723368,,
30/04/17,Place in Kifisiá,2017-04-30T03:28:34+02:00,2017-04-30T13:20:20+02:00,35506,38.113398,23.839888,,
30/04/17,Place in Khalándrion,2017-04-30T14:21:32+02:00,2017-04-30T14:23:41+02:00,129,38.020874,23.799237,,
30/04/17,Place in Kifisiá,2017-04-30T14:58:14+02:00,2017-04-30T18:19:07+02:00,12053,38.113398,23.839888,,
30/04/17,"Place in Exarcheia, Athens",2017-04-30T18:57:36+02:00,2017-04-30T20:38:12+02:00,6036,37.986765,23.731301,,
30/04/17,"Place in Exarcheia, Athens",2017-04-30T20:43:50+02:00,2017-04-30T20:56:40+02:00,770,37.983087,23.736219,,
30/04/17,"Place in Ψυρή, Athens",2017-04-30T21:19:17+02:00,2017-04-30T21:27:51+02:00,514,37.977575,23.72472,,
30/04/17,"Place in Ψυρή, Athens",2017-04-30T21:32:33+02:00,2017-04-30T21:40:32+02:00,479,37.97864,23.724459,,
30/04/17,"Place in Omonoia, Athens",2017-04-30T21:51:48+02:00,2017-04-30T23:48:26+02:00,6998,37.982673,23.725892,,
30/04/17,"Place in Omonoia, Athens",2017-04-30T23:48:27+02:00,2017-05-01T00:00:00+02:00,693,37.98359,23.726845,,
